Suite,Test,TODO_ID,Status,Execution_Time_ms,Error_Message
Rendering Pipeline,Compute Shader Implementation,TODO-0040,PASSED,0.00,
Rendering Pipeline,GPU Memory Allocation Validation,TODO-0041,PASSED,0.00,
Rendering Pipeline,Render Target Setup Verification,TODO-0042,PASSED,0.00,
Physics System,Continuous Collision Detection,TODO-0043,PASSED,0.00,
Physics System,Deterministic Replay,TODO-0044,PASSED,0.00,
Physics System,Performance Profiling,TODO-0045,PASSED,0.00,
AI System,ML Inference Integration,TODO-0046,PASSED,0.00,
AI System,Group Behavior,TODO-0047,PASSED,0.00,
AI System,Emergent Behavior Testing,TODO-0048,PASSED,0.00,
Core Systems,Data Structure Stress Tests,TODO-0049,PASSED,0.00,
Core Systems,Memory Leak Detection,TODO-0050,PASSED,0.01,
Core Systems,Thread Safety Verification,TODO-0051,PASSED,0.00,
Regression Testing,Math Unit Tests,TODO-0052,PASSED,0.00,
Regression Testing,Physics Integration Tests,TODO-0053,PASSED,0.00,
Regression Testing,Rendering Tests,TODO-0054,PASSED,0.00,
Regression Testing,AI Tests,TODO-0055,PASSED,0.00,
Regression Testing,Stress Test,TODO-0056,PASSED,0.00,
