id,agent,phase,category,description,status,priority,files,deadline
CORE-001,Jules-Engine-Core,1,Engine Core > Initialization,Engine initialization and shutdown pipeline validation,pending,CRITICAL,src/engine/core/engine.c,Week 2
CORE-002,Jules-Engine-Core,1,Engine Core > Memory,Memory allocator consolidation and tracking,pending,CRITICAL,src/engine/core/common/memory/allocator.c,Week 2
CORE-003,Jules-Engine-Core,1,Engine Core > Threading,Thread pool validation and job system,pending,CRITICAL,src/engine/core/sync/thread_pool.c,Week 2
CORE-004,Jules-Engine-Core,1,Engine Core > VFS,Virtual file system async I/O validation,pending,HIGH,src/engine/core/resource/vfs.c,Week 2
CORE-005,Jules-Engine-Core,1,Engine Core > Logging,Logging system consolidation and formatting,pending,HIGH,src/engine/core/logger.c,Week 2
CORE-006,Jules-Engine-Core,1,Engine Core > Hot Reload,Hot reload infrastructure validation,pending,MEDIUM,src/engine/core/hot_reload.c,Week 2
RENDER-001,Jules-Rendering,2,Rendering > Initialization,Renderer initialization and window setup,pending,CRITICAL,src/engine/rendering/renderer.c,Week 4
RENDER-002,Jules-Rendering,2,Rendering > Shaders,Shader system consolidation and compilation,pending,CRITICAL,src/engine/shading/shader.c,Week 4
RENDER-003,Jules-Rendering,2,Rendering > Frame Graph,Frame graph execution and scheduling,pending,CRITICAL,src/engine/rendering/frame_graph.c,Week 4
RENDER-004,Jules-Rendering,2,Rendering > GPU Memory,GPU memory management and defragmentation,pending,CRITICAL,src/engine/rendering/gpu_memory.c,Week 4
RENDER-005,Jules-Rendering,2,Rendering > Vulkan,Vulkan backend stability or removal,pending,HIGH,src/engine/backend/vulkan/,Week 4
RENDER-006,Jules-Rendering,2,Rendering > Metal,Metal backend synchronization,pending,HIGH,src/engine/backend/metal/,Week 4
RENDER-007,Jules-Rendering,2,Rendering > Post-Processing,Post-processing pipeline (TAA/SSAO/SSR),pending,MEDIUM,src/engine/postprocess/,Week 4
PHYS-001,Jules-Physics,3,Physics > Rigid Bodies,Rigid body system implementation and validation,pending,CRITICAL,src/engine/physics/rigid_body.c,Week 6
PHYS-002,Jules-Physics,3,Physics > Collision,Collision detection pipeline accuracy,pending,CRITICAL,src/engine/physics/collision/,Week 6
PHYS-003,Jules-Physics,3,Physics > Constraints,Constraint solver implementation,pending,CRITICAL,src/engine/physics/constraints/,Week 6
PHYS-004,Jules-Physics,3,Physics > XPBD,XPBD solver determinism validation,pending,HIGH,src/engine/physics/solver/xpbd_solver.c,Week 6
PHYS-005,Jules-Physics,3,Physics > Raycasting,Raycasting and shape casting accuracy,pending,HIGH,src/engine/physics/raycasting.c,Week 6
PHYS-006,Jules-Physics,3,Physics > Debug Viz,Physics debugging visualization,pending,MEDIUM,src/engine/physics/debug/,Week 6
ANIM-001,Jules-Animation,4,Animation > Skeletal,Skeletal animation playback,pending,HIGH,src/engine/animation/skeletal/,Week 8
ANIM-002,Jules-Animation,4,Animation > Blend Trees,Blend tree system implementation,pending,HIGH,src/engine/animation/blend_tree_impl.c,Week 8
ANIM-003,Jules-Animation,4,Animation > IK Solvers,IK solver suite (FABRIK/CCD/Two-Bone),pending,HIGH,src/engine/animation/ik_advanced/,Week 8
ANIM-004,Jules-Animation,4,Animation > State Machine,Animation state machine transitions,pending,HIGH,src/engine/animation/state_machines/,Week 8
ANIM-005,Jules-Animation,4,Animation > Additive Blending,Additive animation blending,pending,MEDIUM,src/engine/animation/blending/additive_blend.c,Week 8
AUDIO-001,Jules-Audio,5,Audio > Playback,Audio playback system,pending,HIGH,src/engine/audio/audio_core.c,Week 10
AUDIO-002,Jules-Audio,5,Audio > Spatial,Spatial audio 3D positioning,pending,HIGH,src/engine/audio/spatial/,Week 10
AUDIO-003,Jules-Audio,5,Audio > Music,Music system and looping,pending,MEDIUM,src/engine/audio/music/,Week 10
AUDIO-004,Jules-Audio,5,Audio > DSP,DSP effects (reverb/EQ/compression),pending,MEDIUM,src/engine/audio/dsp/,Week 10
AI-001,Jules-AI,6,AI > Behavior Trees,Behavior tree system,pending,HIGH,src/engine/ai/behavior_trees/,Week 12
AI-002,Jules-AI,6,AI > GOAP,GOAP planner implementation,pending,HIGH,src/engine/ai/planning/goap_planner.c,Week 12
AI-003,Jules-AI,6,AI > Pathfinding,A* pathfinding and navigation,pending,HIGH,src/engine/ai/pathfinding/,Week 12
AI-004,Jules-AI,6,AI > Perception,NPC perception system,pending,MEDIUM,src/engine/ai/perception/,Week 12
ASSET-001,Jules-Assets,7,Assets > Importer,Asset importer (FBX/glTF/PNG),pending,HIGH,src/engine/assets/importer/,Week 14
ASSET-002,Jules-Assets,7,Assets > Streaming,Asset streaming on demand,pending,HIGH,src/engine/assets/io/streaming/,Week 14
ASSET-003,Jules-Assets,7,Assets > Bundling,Asset bundling and packaging,pending,MEDIUM,src/engine/assets/io/bundling/,Week 14
ASSET-004,Jules-Assets,7,Assets > Hot Reload,Asset hot reload system,pending,MEDIUM,src/engine/assets/system/asset_system/loading/asset_hot_reload.c,Week 14
NET-001,Jules-Networking,8,Network > Protocol,Network protocol implementation,pending,HIGH,src/engine/network/protocol/,Week 16
NET-002,Jules-Networking,8,Network > Replication,Entity replication system,pending,HIGH,src/engine/network/replication/,Week 16
NET-003,Jules-Networking,8,Network > Prediction,Client prediction and reconciliation,pending,MEDIUM,src/engine/network/prediction/,Week 16
NET-004,Jules-Networking,8,Network > Synchronization,State synchronization,pending,MEDIUM,src/engine/network/,Week 16
GAME-001,Jules-Gameplay,9,Gameplay > Crafting,Crafting system,pending,HIGH,src/engine/gameplay/crafting/,Week 18
GAME-002,Jules-Gameplay,9,Gameplay > Quests,Quest system,pending,HIGH,src/engine/gameplay/quests/,Week 18
GAME-003,Jules-Gameplay,9,Gameplay > Combat,Combat system,pending,HIGH,src/engine/gameplay/combat/,Week 18
GAME-004,Jules-Gameplay,9,Gameplay > Food,Food and health system,pending,MEDIUM,src/engine/gameplay/food/,Week 18
GAME-005,Jules-Gameplay,9,Gameplay > Inventory,Inventory management,pending,MEDIUM,src/engine/gameplay/inventory/,Week 18
CHAR-001,Jules-Character,10,Character > Skeletal Mesh,Skeletal mesh rendering with skinning,pending,HIGH,src/engine/character/skeletal_mesh/,Week 20
CHAR-002,Jules-Character,10,Character > Customization,Character customization system,pending,HIGH,src/engine/character/customization/,Week 20
CHAR-003,Jules-Character,10,Character > IK,Character IK (foot/hand placement),pending,MEDIUM,src/engine/character/animation/ik/,Week 20
CHAR-004,Jules-Character,10,Character > Ragdoll,Ragdoll physics system,pending,MEDIUM,src/engine/character/animation/physics_animation/,Week 20
GEO-001,Jules-Geometry,11,Geometry > Mesh Processing,Mesh loading and processing,pending,HIGH,src/engine/geometry/mesh/,Week 22
GEO-002,Jules-Geometry,11,Geometry > LOD,LOD generation and management,pending,HIGH,src/engine/geometry/lod/,Week 22
GEO-003,Jules-Geometry,11,Geometry > CSG,CSG operations (union/intersection),pending,MEDIUM,src/engine/geometry/csg/,Week 22
GEO-004,Jules-Geometry,11,Geometry > Optimization,Vertex normal calculation and optimization,pending,MEDIUM,src/engine/geometry/,Week 22
MAT-001,Jules-Materials,12,Materials > System,Material system implementation,pending,HIGH,src/engine/materials/,Week 24
MAT-002,Jules-Materials,12,Materials > Editor,Material editor interface,pending,HIGH,src/engine/materials/editor/,Week 24
MAT-003,Jules-Materials,12,Materials > Compilation,Shader compilation pipeline,pending,MEDIUM,src/engine/materials/compilation/,Week 24
MAT-004,Jules-Materials,12,Materials > Properties,Material properties and parameters,pending,MEDIUM,src/engine/materials/,Week 24
LIGHT-001,Jules-Lighting,13,Lighting > Real-Time,Real-time lighting implementation,pending,HIGH,src/engine/lighting/,Week 26
LIGHT-002,Jules-Lighting,13,Lighting > Shadows,Shadow mapping system,pending,HIGH,src/engine/lighting/shadows/,Week 26
LIGHT-003,Jules-Lighting,13,Lighting > GI,Global illumination implementation,pending,MEDIUM,src/engine/lighting/gi/,Week 26
LIGHT-004,Jules-Lighting,13,Lighting > Probes,Light probe system,pending,MEDIUM,src/engine/lighting/probes/,Week 26
FX-001,Jules-Effects,14,Effects > Particles,Particle system implementation,pending,HIGH,src/engine/effects/particles/,Week 28
FX-002,Jules-Effects,14,Effects > Collision,Particle collision system,pending,HIGH,src/engine/effects/particles/,Week 28
FX-003,Jules-Effects,14,Effects > Decals,Decal rendering system,pending,MEDIUM,src/engine/effects/decals/,Week 28
FX-004,Jules-Effects,14,Effects > Trails,Trail effects system,pending,MEDIUM,src/engine/effects/trails/,Week 28
TOOLS-001,Jules-Tools,15,Tools > Level Editor,Level editor implementation,pending,HIGH,src/engine/editor/,Week 30
TOOLS-002,Jules-Tools,15,Tools > Gizmos,Gizmo system (move/rotate/scale),pending,HIGH,src/engine/tools/,Week 30
TOOLS-003,Jules-Tools,15,Tools > Property Editor,Property editor for entities,pending,MEDIUM,src/engine/editor/,Week 30
TOOLS-004,Jules-Tools,15,Tools > Asset Browser,Asset browser interface,pending,MEDIUM,src/engine/editor/,Week 30
TOOLS-005,Jules-Tools,15,Tools > Debug Viz,Debug visualization tools,pending,MEDIUM,src/engine/debug/,Week 30
TOOLS-006,Jules-Tools,15,Tools > Console,Developer console implementation,pending,MEDIUM,src/engine/tools/,Week 30
